{
    "tb3_0": 
    {
        "position" : {"x": -0.1956333965063095, "y": -0.3128446340560913},
        "orientation" : {"z": 0.7051273069277723, "w": 0.7090807295539678}
    },

    "tb3_1": 
    {
        "position" : {"x": 0.23428864777088165, "y": -0.4093013107776642},
        "orientation" : {"z": 0.6801512743616726, "w": 0.7330717863785189}
    },

    "tb3_2": 
    {
        "position" : {"x": -0.1956333965063095, "y": -0.3128446340560913},
        "orientation" : {"z": 0.7051273069277723, "w": 0.7090807295539678}
    },

    "tb3_3": 
    {
        "position" : {"x": 0.23428864777088165, "y": -0.4093013107776642},
        "orientation" : {"z": 0.6801512743616726, "w": 0.7330717863785189}
    }
}