{
    "scene_1": [
        {
            "robot": 1,
            "position" : [-0.06336586251251958, 0.591633261148149],
            "orientation" : [0.6506574014249807, 0.7593714150341001],
            "module": 0.0
        },
        {
            "robot": 2,
            "position" : [0.5986070492978536, 0.6500909659669032],
            "orientation" : [0.6141138519424812, 0.7892174458616384],
            "module": 0.0
        }
    ]
}