{
    "scene_1": [
        {
            "robot_id": "tb3_0",
            "position" : {"x": -0.06336586251251958, "y": 0.591633261148149},
            "orientation" : {"z": 0.6506574014249807, "w": 0.7593714150341001},
            "module": 0.0
        },
        {
            "robot_id": "tb3_1",
            "position" : {"x": 0.5986070492978536, "y": 0.6500909659669032},
            "orientation" : {"z": 0.6141138519424812, "w": 0.7892174458616384},
            "module": 0.0
        }
    ]
}